{"mnli": {"roberta-base": {"government": {"government": {"f1": 0.8672283111388507, "accuracy": 0.8672222222222222}, "telephone": {"f1": 0.8172367552414834, "accuracy": 0.8161111111111111}, "fiction": {"f1": 0.7891974036793842, "accuracy": 0.7888888888888889}, "travel": {"f1": 0.8167464608383828, "accuracy": 0.8172222222222222}, "slate": {"f1": 0.7890978912661751, "accuracy": 0.7894444444444444}}, "telephone": {"government": {"f1": 0.8375670572758408, "accuracy": 0.8377777777777777}, "telephone": {"f1": 0.8521611710305436, "accuracy": 0.8527777777777777}, "fiction": {"f1": 0.8149835218927836, "accuracy": 0.8144444444444444}, "travel": {"f1": 0.8176029959418866, "accuracy": 0.8177777777777778}, "slate": {"f1": 0.7953975504951165, "accuracy": 0.7955555555555556}}, "fiction": {"government": {"f1": 0.8324699950802211, "accuracy": 0.8322222222222222}, "telephone": {"f1": 0.8195271298756795, "accuracy": 0.8188888888888889}, "fiction": {"f1": 0.8369222653384987, "accuracy": 0.8366666666666667}, "travel": {"f1": 0.8044614349470239, "accuracy": 0.8055555555555556}, "slate": {"f1": 0.7916035399527095, "accuracy": 0.7911111111111111}}, "travel": {"government": {"f1": 0.8429915011899926, "accuracy": 0.8422222222222222}, "telephone": {"f1": 0.8206413346244031, "accuracy": 0.8194444444444444}, "fiction": {"f1": 0.7798593145367677, "accuracy": 0.7783333333333333}, "travel": {"f1": 0.846465188288986, "accuracy": 0.8461111111111111}, "slate": {"f1": 0.7792871423112285, "accuracy": 0.7783333333333333}}, "slate": {"government": {"f1": 0.8552727764391932, "accuracy": 0.8555555555555555}, "telephone": {"f1": 0.8310957507609381, "accuracy": 0.8311111111111111}, "fiction": {"f1": 0.811802383699352, "accuracy": 0.8122222222222222}, "travel": {"f1": 0.8370932098209066, "accuracy": 0.8372222222222222}, "slate": {"f1": 0.7989876244311683, "accuracy": 0.7994444444444444}}}}}