{"mnli": {"distilbert-base-uncased": {"government": {"government": {"f1": 0.8176442261376292, "accuracy": 0.8172222222222222}, "telephone": {"f1": 0.7080779912984617, "accuracy": 0.7072222222222222}, "fiction": {"f1": 0.7045782596258435, "accuracy": 0.7055555555555556}, "travel": {"f1": 0.7607855174039938, "accuracy": 0.7616666666666667}, "slate": {"f1": 0.7173349541694442, "accuracy": 0.7172222222222222}}, "telephone": {"government": {"f1": 0.760088872278835, "accuracy": 0.7588888888888888}, "telephone": {"f1": 0.7679007455210352, "accuracy": 0.7677777777777778}, "fiction": {"f1": 0.7112787809389856, "accuracy": 0.7116666666666667}, "travel": {"f1": 0.7285246000216802, "accuracy": 0.7272222222222222}, "slate": {"f1": 0.6879261610603682, "accuracy": 0.6872222222222222}}, "fiction": {"government": {"f1": 0.7806267899291927, "accuracy": 0.78}, "telephone": {"f1": 0.7026206990364696, "accuracy": 0.7011111111111111}, "fiction": {"f1": 0.7747500144353506, "accuracy": 0.7744444444444445}, "travel": {"f1": 0.7468470466311921, "accuracy": 0.7461111111111111}, "slate": {"f1": 0.7168397764212094, "accuracy": 0.7166666666666667}}, "travel": {"government": {"f1": 0.7958040532905114, "accuracy": 0.7961111111111111}, "telephone": {"f1": 0.6815223091522472, "accuracy": 0.6811111111111111}, "fiction": {"f1": 0.7050988186862076, "accuracy": 0.705}, "travel": {"f1": 0.7974811886131472, "accuracy": 0.7972222222222223}, "slate": {"f1": 0.7022383216265072, "accuracy": 0.7027777777777777}}, "slate": {"government": {"f1": 0.8042345957263036, "accuracy": 0.8044444444444444}, "telephone": {"f1": 0.7130809090643297, "accuracy": 0.7122222222222222}, "fiction": {"f1": 0.7533204957363449, "accuracy": 0.7533333333333333}, "travel": {"f1": 0.7610858499045176, "accuracy": 0.7616666666666667}, "slate": {"f1": 0.7259721942647254, "accuracy": 0.7261111111111112}}}}}