{"mnli": {"roberta-base": {"government": {"government": {"f1": 0.8784572316710292, "accuracy": 0.8783333333333333}, "telephone": {"f1": 0.8219735956924464, "accuracy": 0.8216666666666667}, "fiction": {"f1": 0.8147155431392719, "accuracy": 0.815}, "travel": {"f1": 0.8401076045371897, "accuracy": 0.8405555555555555}, "slate": {"f1": 0.8011462692896952, "accuracy": 0.8016666666666666}}, "telephone": {"government": {"f1": 0.8512780143313278, "accuracy": 0.8511111111111112}, "telephone": {"f1": 0.8657476197684096, "accuracy": 0.8661111111111112}, "fiction": {"f1": 0.8291538547447542, "accuracy": 0.8288888888888889}, "travel": {"f1": 0.8333652746470368, "accuracy": 0.8333333333333334}, "slate": {"f1": 0.8231422267922704, "accuracy": 0.8233333333333334}}, "fiction": {"government": {"f1": 0.8607013181290452, "accuracy": 0.8605555555555555}, "telephone": {"f1": 0.8372657849862547, "accuracy": 0.8366666666666667}, "fiction": {"f1": 0.8519808204507431, "accuracy": 0.8516666666666667}, "travel": {"f1": 0.8377282967738426, "accuracy": 0.8372222222222222}, "slate": {"f1": 0.802548395846853, "accuracy": 0.8022222222222222}}, "travel": {"government": {"f1": 0.8521039418859395, "accuracy": 0.8522222222222222}, "telephone": {"f1": 0.8244230374061413, "accuracy": 0.825}, "fiction": {"f1": 0.8099702311226897, "accuracy": 0.8111111111111111}, "travel": {"f1": 0.8568282841365958, "accuracy": 0.8572222222222222}, "slate": {"f1": 0.7982133979456042, "accuracy": 0.7994444444444444}}, "slate": {"government": {"f1": 0.8674368468635972, "accuracy": 0.8677777777777778}, "telephone": {"f1": 0.8407446832416238, "accuracy": 0.8411111111111111}, "fiction": {"f1": 0.8208418274968, "accuracy": 0.8216666666666667}, "travel": {"f1": 0.8497391202936634, "accuracy": 0.85}, "slate": {"f1": 0.8153912179508348, "accuracy": 0.8161111111111111}}}}}