{"imdb_sst2_sa": {"distilroberta-base": {"sst2": {"sst2": {"f1": 0.9066664660692205, "accuracy": 0.9067164179104478}, "imdb": {"f1": 0.8755454398459368, "accuracy": 0.8761194029850746}}, "imdb": {"sst2": {"f1": 0.8574926885241314, "accuracy": 0.8582089552238806}, "imdb": {"f1": 0.9134304734312754, "accuracy": 0.9134328358208955}}}}}