{"paraphrase": {"distilbert-base-uncased": {"qqp": {"qqp": {"f1": 0.7941170307977359, "accuracy": 0.7941176470588235}, "paws": {"f1": 0.4514545079430575, "accuracy": 0.5224913494809689}, "mrpc": {"f1": 0.5713790129311305, "accuracy": 0.596885813148789}}, "paws": {"qqp": {"f1": 0.5521254668588342, "accuracy": 0.5674740484429066}, "paws": {"f1": 0.5593294723747742, "accuracy": 0.5596885813148789}, "mrpc": {"f1": 0.5449486467959253, "accuracy": 0.5449826989619377}}, "mrpc": {"qqp": {"f1": 0.6419679224530741, "accuracy": 0.6453287197231834}, "paws": {"f1": 0.3483422375864236, "accuracy": 0.5034602076124568}, "mrpc": {"f1": 0.7791339334884296, "accuracy": 0.7794117647058824}}}}}