{"paraphrase": {"distilroberta-base": {"qqp": {"qqp": {"f1": 0.8611725352678428, "accuracy": 0.8619081272084805}, "paws": {"f1": 0.3625602666332011, "accuracy": 0.5031802120141343}}, "paws": {"qqp": {"f1": 0.5856716109534469, "accuracy": 0.6160424028268551}, "paws": {"f1": 0.9193886333205562, "accuracy": 0.9194346289752651}}}}}