{"sa": {"bert-base-uncased": {"books": {"books": {"f1": 0.8298468621759585, "accuracy": 0.83}, "dvd": {"f1": 0.8099472075576549, "accuracy": 0.81}, "electronics": {"f1": 0.8276541819205858, "accuracy": 0.83}, "kitchen_housewares": {"f1": 0.8132586367880486, "accuracy": 0.8133333333333334}}, "dvd": {"books": {"f1": 0.8432898027229787, "accuracy": 0.8433333333333334}, "dvd": {"f1": 0.84998499849985, "accuracy": 0.85}, "electronics": {"f1": 0.8020117427518092, "accuracy": 0.8066666666666666}, "kitchen_housewares": {"f1": 0.815582702775201, "accuracy": 0.8166666666666667}}, "electronics": {"books": {"f1": 0.7952447552447552, "accuracy": 0.7966666666666666}, "dvd": {"f1": 0.7425357965581101, "accuracy": 0.7466666666666667}, "electronics": {"f1": 0.8627829404611831, "accuracy": 0.8633333333333333}, "kitchen_housewares": {"f1": 0.8632588853931584, "accuracy": 0.8633333333333333}}, "kitchen_housewares": {"books": {"f1": 0.815582702775201, "accuracy": 0.8166666666666667}, "dvd": {"f1": 0.7903138528138528, "accuracy": 0.7933333333333333}, "electronics": {"f1": 0.8483810465077101, "accuracy": 0.85}, "kitchen_housewares": {"f1": 0.8463320119371074, "accuracy": 0.8466666666666667}}}}}