{"sa": {"distilbert-base-uncased": {"books": {"books": {"f1": 0.8499583217560434, "accuracy": 0.85}, "dvd": {"f1": 0.8298468621759585, "accuracy": 0.83}, "electronics": {"f1": 0.7963800904977375, "accuracy": 0.8}, "kitchen_housewares": {"f1": 0.8030685699662881, "accuracy": 0.8033333333333333}}, "dvd": {"books": {"f1": 0.8088766192397536, "accuracy": 0.81}, "dvd": {"f1": 0.8082078085218543, "accuracy": 0.81}, "electronics": {"f1": 0.7241086587436332, "accuracy": 0.74}, "kitchen_housewares": {"f1": 0.7855951719209083, "accuracy": 0.79}}, "electronics": {"books": {"f1": 0.8299527646568492, "accuracy": 0.83}, "dvd": {"f1": 0.7994294883223392, "accuracy": 0.8}, "electronics": {"f1": 0.8565885871196539, "accuracy": 0.8566666666666667}, "kitchen_housewares": {"f1": 0.8499983333148147, "accuracy": 0.85}}, "kitchen_housewares": {"books": {"f1": 0.8232842456237843, "accuracy": 0.8233333333333334}, "dvd": {"f1": 0.7893234943317988, "accuracy": 0.79}, "electronics": {"f1": 0.832072007523174, "accuracy": 0.8333333333333334}, "kitchen_housewares": {"f1": 0.8463320119371074, "accuracy": 0.8466666666666667}}}}}