{"sa": {"distilroberta-base": {"books": {"books": {"f1": 0.832259796027912, "accuracy": 0.8333333333333334}, "dvd": {"f1": 0.8330662393162394, "accuracy": 0.8333333333333334}, "electronics": {"f1": 0.84622927438046, "accuracy": 0.8466666666666667}, "kitchen_housewares": {"f1": 0.8092348196655473, "accuracy": 0.81}}, "dvd": {"books": {"f1": 0.8366503316998366, "accuracy": 0.8366666666666667}, "dvd": {"f1": 0.8599937775012223, "accuracy": 0.86}, "electronics": {"f1": 0.8230954950544621, "accuracy": 0.8233333333333334}, "kitchen_housewares": {"f1": 0.8199919996444286, "accuracy": 0.82}}, "electronics": {"books": {"f1": 0.8296801772216718, "accuracy": 0.83}, "dvd": {"f1": 0.8199919996444286, "accuracy": 0.82}, "electronics": {"f1": 0.856626840789108, "accuracy": 0.8566666666666667}, "kitchen_housewares": {"f1": 0.8361404955913991, "accuracy": 0.8366666666666667}}, "kitchen_housewares": {"books": {"f1": 0.8255501878690286, "accuracy": 0.8266666666666667}, "dvd": {"f1": 0.8360088800633653, "accuracy": 0.8366666666666667}, "electronics": {"f1": 0.8866666666666667, "accuracy": 0.8866666666666667}, "kitchen_housewares": {"f1": 0.8497178034308869, "accuracy": 0.85}}}}}