{"sa": {"roberta-base": {"books": {"books": {"f1": 0.879951980792317, "accuracy": 0.88}, "dvd": {"f1": 0.8698249869268684, "accuracy": 0.87}, "electronics": {"f1": 0.9063294526963737, "accuracy": 0.9066666666666666}, "kitchen_housewares": {"f1": 0.8530982905982907, "accuracy": 0.8533333333333334}}, "dvd": {"books": {"f1": 0.8665717843800036, "accuracy": 0.8666666666666667}, "dvd": {"f1": 0.8665183537263627, "accuracy": 0.8666666666666667}, "electronics": {"f1": 0.8485851119909376, "accuracy": 0.85}, "kitchen_housewares": {"f1": 0.8728756858022213, "accuracy": 0.8733333333333333}}, "electronics": {"books": {"f1": 0.8461126722868995, "accuracy": 0.8466666666666667}, "dvd": {"f1": 0.8530132288094072, "accuracy": 0.8533333333333334}, "electronics": {"f1": 0.9095568284594513, "accuracy": 0.91}, "kitchen_housewares": {"f1": 0.8318687230989956, "accuracy": 0.8333333333333334}}, "kitchen_housewares": {"books": {"f1": 0.8395435906578712, "accuracy": 0.84}, "dvd": {"f1": 0.8666429587482218, "accuracy": 0.8666666666666667}, "electronics": {"f1": 0.9066293183940243, "accuracy": 0.9066666666666666}, "kitchen_housewares": {"f1": 0.8799786628733997, "accuracy": 0.88}}}}}