{"imdb_sst2_sa": {"distilbert-base-uncased": {"sst2": {"sst2": {"f1": 0.8985065583119476, "accuracy": 0.8985074626865671}, "imdb": {"f1": 0.8820222715560667, "accuracy": 0.8820895522388059}}, "imdb": {"sst2": {"f1": 0.8427261842989, "accuracy": 0.8440298507462687}, "imdb": {"f1": 0.9152574363911892, "accuracy": 0.9152985074626866}}}}}