{"imdb_sst2_sa": {"distilbert-base-uncased": {"sst2": {"sst2": {"f1": 0.8906186293507421, "accuracy": 0.8906716417910447}, "imdb": {"f1": 0.8622595632536727, "accuracy": 0.8623134328358208}}, "imdb": {"sst2": {"f1": 0.830341949598898, "accuracy": 0.832089552238806}, "imdb": {"f1": 0.9133631635153241, "accuracy": 0.9134328358208955}}}}}