{"mnli": {"bert-base-uncased": {"government": {"government": {"f1": 0.8335059489083473, "accuracy": 0.8333333333333334}, "telephone": {"f1": 0.7471879082401216, "accuracy": 0.7483333333333333}, "fiction": {"f1": 0.7522836879432625, "accuracy": 0.7527777777777778}, "travel": {"f1": 0.7817172435515222, "accuracy": 0.7816666666666666}, "slate": {"f1": 0.7295713039153736, "accuracy": 0.73}}, "telephone": {"government": {"f1": 0.810037302701149, "accuracy": 0.8094444444444444}, "telephone": {"f1": 0.8097246222239703, "accuracy": 0.81}, "fiction": {"f1": 0.7621685986486594, "accuracy": 0.7611111111111111}, "travel": {"f1": 0.775610806106735, "accuracy": 0.775}, "slate": {"f1": 0.7425273535170739, "accuracy": 0.7422222222222222}}, "fiction": {"government": {"f1": 0.7910291345480669, "accuracy": 0.7911111111111111}, "telephone": {"f1": 0.7686939774236627, "accuracy": 0.7672222222222222}, "fiction": {"f1": 0.8101189838845619, "accuracy": 0.8094444444444444}, "travel": {"f1": 0.7725388742965494, "accuracy": 0.7722222222222223}, "slate": {"f1": 0.7460453094066993, "accuracy": 0.7455555555555555}}, "travel": {"government": {"f1": 0.8172119685999353, "accuracy": 0.8172222222222222}, "telephone": {"f1": 0.7380411172988867, "accuracy": 0.7366666666666667}, "fiction": {"f1": 0.7416868500634108, "accuracy": 0.7411111111111112}, "travel": {"f1": 0.8289499211290655, "accuracy": 0.8288888888888889}, "slate": {"f1": 0.7236093222531794, "accuracy": 0.7233333333333334}}, "slate": {"government": {"f1": 0.8290143293453408, "accuracy": 0.8288888888888889}, "telephone": {"f1": 0.7644575445910053, "accuracy": 0.7638888888888888}, "fiction": {"f1": 0.7765033916759707, "accuracy": 0.7766666666666666}, "travel": {"f1": 0.7977951769269996, "accuracy": 0.7977777777777778}, "slate": {"f1": 0.7538306019082559, "accuracy": 0.7538888888888889}}}}}