{"mnli": {"distilroberta-base": {"government": {"government": {"f1": 0.8398725743496107, "accuracy": 0.8394444444444444}, "telephone": {"f1": 0.7691854351425956, "accuracy": 0.7688888888888888}, "fiction": {"f1": 0.7691862511340073, "accuracy": 0.7694444444444445}, "travel": {"f1": 0.7684088141866979, "accuracy": 0.7683333333333333}, "slate": {"f1": 0.7560869844405977, "accuracy": 0.7561111111111111}}, "telephone": {"government": {"f1": 0.8076805054266337, "accuracy": 0.8072222222222222}, "telephone": {"f1": 0.8104957736980604, "accuracy": 0.8105555555555556}, "fiction": {"f1": 0.7650028217779905, "accuracy": 0.7644444444444445}, "travel": {"f1": 0.7700785240662542, "accuracy": 0.7694444444444445}, "slate": {"f1": 0.7458673047418382, "accuracy": 0.745}}, "fiction": {"government": {"f1": 0.8097096492508213, "accuracy": 0.81}, "telephone": {"f1": 0.764539746944498, "accuracy": 0.7655555555555555}, "fiction": {"f1": 0.7948160180544854, "accuracy": 0.7955555555555556}, "travel": {"f1": 0.7773252756411306, "accuracy": 0.7772222222222223}, "slate": {"f1": 0.7539886331024789, "accuracy": 0.755}}, "travel": {"government": {"f1": 0.8152380275195696, "accuracy": 0.8172222222222222}, "telephone": {"f1": 0.7569800956356465, "accuracy": 0.7594444444444445}, "fiction": {"f1": 0.7410500257609737, "accuracy": 0.7438888888888889}, "travel": {"f1": 0.8205677821256706, "accuracy": 0.8211111111111111}, "slate": {"f1": 0.730463090861046, "accuracy": 0.735}}, "slate": {"government": {"f1": 0.8303977034258717, "accuracy": 0.8294444444444444}, "telephone": {"f1": 0.7836970428954979, "accuracy": 0.7816666666666666}, "fiction": {"f1": 0.7851918071784159, "accuracy": 0.7844444444444445}, "travel": {"f1": 0.7837137410902573, "accuracy": 0.7827777777777778}, "slate": {"f1": 0.7691746375075222, "accuracy": 0.7683333333333333}}}}}