{"imdb_sst2_sa": {"bert-base-uncased": {"sst2": {"sst2": {"f1": 0.9070348661045462, "accuracy": 0.9070895522388059}, "imdb": {"f1": 0.8950436748929468, "accuracy": 0.8951492537313432}}, "imdb": {"sst2": {"f1": 0.8603528494204341, "accuracy": 0.8611940298507462}, "imdb": {"f1": 0.919775572093316, "accuracy": 0.9197761194029851}}}}}