{"mnli": {"bert-base-uncased": {"government": {"government": {"f1": 0.8411117160754512, "accuracy": 0.8405555555555555}, "telephone": {"f1": 0.7318774741954107, "accuracy": 0.7311111111111112}, "fiction": {"f1": 0.7451373079168739, "accuracy": 0.7444444444444445}, "travel": {"f1": 0.7922010744249866, "accuracy": 0.7922222222222223}, "slate": {"f1": 0.7380609863854302, "accuracy": 0.7377777777777778}}, "telephone": {"government": {"f1": 0.7965814036288396, "accuracy": 0.7961111111111111}, "telephone": {"f1": 0.7972786726940345, "accuracy": 0.7972222222222223}, "fiction": {"f1": 0.7581641348508562, "accuracy": 0.7566666666666667}, "travel": {"f1": 0.777177189669182, "accuracy": 0.7777777777777778}, "slate": {"f1": 0.7379865089143746, "accuracy": 0.7372222222222222}}, "fiction": {"government": {"f1": 0.8006041116860763, "accuracy": 0.8011111111111111}, "telephone": {"f1": 0.7622678635752603, "accuracy": 0.7611111111111111}, "fiction": {"f1": 0.8026516601970707, "accuracy": 0.8027777777777778}, "travel": {"f1": 0.7770876174334367, "accuracy": 0.7772222222222223}, "slate": {"f1": 0.7404737477907393, "accuracy": 0.7411111111111112}}, "travel": {"government": {"f1": 0.8130316241817558, "accuracy": 0.8133333333333334}, "telephone": {"f1": 0.7304222266597069, "accuracy": 0.73}, "fiction": {"f1": 0.7370186514074984, "accuracy": 0.7383333333333333}, "travel": {"f1": 0.8297401707430146, "accuracy": 0.83}, "slate": {"f1": 0.7276536555224314, "accuracy": 0.7288888888888889}}, "slate": {"government": {"f1": 0.8219976513857438, "accuracy": 0.8222222222222222}, "telephone": {"f1": 0.7493694281783241, "accuracy": 0.75}, "fiction": {"f1": 0.7684454020652085, "accuracy": 0.77}, "travel": {"f1": 0.7951381286876941, "accuracy": 0.7961111111111111}, "slate": {"f1": 0.753888420643582, "accuracy": 0.7561111111111111}}}}}