{"mnli": {"distilbert-base-uncased": {"government": {"government": {"f1": 0.8105050897625997, "accuracy": 0.8105555555555556}, "telephone": {"f1": 0.7089744919069165, "accuracy": 0.71}, "fiction": {"f1": 0.6968148199649092, "accuracy": 0.6972222222222222}, "travel": {"f1": 0.7532543919988198, "accuracy": 0.7533333333333333}, "slate": {"f1": 0.6922120098879736, "accuracy": 0.6927777777777778}}, "telephone": {"government": {"f1": 0.7694403685163338, "accuracy": 0.7683333333333333}, "telephone": {"f1": 0.7836924419717137, "accuracy": 0.7833333333333333}, "fiction": {"f1": 0.7164856288828884, "accuracy": 0.7161111111111111}, "travel": {"f1": 0.736347863186733, "accuracy": 0.7355555555555555}, "slate": {"f1": 0.6956045079210819, "accuracy": 0.695}}, "fiction": {"government": {"f1": 0.7711580237403544, "accuracy": 0.7722222222222223}, "telephone": {"f1": 0.6948938565764099, "accuracy": 0.6933333333333334}, "fiction": {"f1": 0.7863283195322657, "accuracy": 0.7861111111111111}, "travel": {"f1": 0.7523863980601201, "accuracy": 0.7527777777777778}, "slate": {"f1": 0.7138094442866564, "accuracy": 0.7144444444444444}}, "travel": {"government": {"f1": 0.7934179927424451, "accuracy": 0.7933333333333333}, "telephone": {"f1": 0.6868451725613336, "accuracy": 0.6872222222222222}, "fiction": {"f1": 0.7142058486747794, "accuracy": 0.7144444444444444}, "travel": {"f1": 0.8053248077546047, "accuracy": 0.805}, "slate": {"f1": 0.7037540109746798, "accuracy": 0.7038888888888889}}, "slate": {"government": {"f1": 0.808463084870438, "accuracy": 0.8083333333333333}, "telephone": {"f1": 0.7276063699557639, "accuracy": 0.7272222222222222}, "fiction": {"f1": 0.7419969419119502, "accuracy": 0.7422222222222222}, "travel": {"f1": 0.7748969316228534, "accuracy": 0.775}, "slate": {"f1": 0.7351838014584521, "accuracy": 0.735}}}}}