{"paraphrase": {"distilbert-base-uncased": {"qqp": {"qqp": {"f1": 0.8556829452256783, "accuracy": 0.8556890459363957}, "paws": {"f1": 0.392273956738216, "accuracy": 0.5029681978798587}}, "paws": {"qqp": {"f1": 0.6159065650347123, "accuracy": 0.6328621908127209}, "paws": {"f1": 0.9006928812883979, "accuracy": 0.9007067137809187}}}}}