{"mnli": {"bert-base-uncased": {"government": {"government": {"f1": 0.8370058466971, "accuracy": 0.8366666666666667}, "telephone": {"f1": 0.7286204338780928, "accuracy": 0.7277777777777777}, "fiction": {"f1": 0.7203024617789565, "accuracy": 0.72}, "travel": {"f1": 0.7822835262552661, "accuracy": 0.7827777777777778}, "slate": {"f1": 0.7407754409186568, "accuracy": 0.7405555555555555}}, "telephone": {"government": {"f1": 0.7896471822517274, "accuracy": 0.7888888888888889}, "telephone": {"f1": 0.7875597282737271, "accuracy": 0.7877777777777778}, "fiction": {"f1": 0.7489685330143709, "accuracy": 0.7472222222222222}, "travel": {"f1": 0.7593556941315601, "accuracy": 0.7583333333333333}, "slate": {"f1": 0.7144797246680804, "accuracy": 0.7138888888888889}}, "fiction": {"government": {"f1": 0.7967767617838796, "accuracy": 0.7972222222222223}, "telephone": {"f1": 0.74571490068837, "accuracy": 0.7444444444444445}, "fiction": {"f1": 0.8017851621222977, "accuracy": 0.8016666666666666}, "travel": {"f1": 0.7702049818568785, "accuracy": 0.7705555555555555}, "slate": {"f1": 0.735000261370498, "accuracy": 0.7361111111111112}}, "travel": {"government": {"f1": 0.7984264653514045, "accuracy": 0.7988888888888889}, "telephone": {"f1": 0.7162229915607995, "accuracy": 0.7155555555555555}, "fiction": {"f1": 0.7161693161575674, "accuracy": 0.7166666666666667}, "travel": {"f1": 0.8161749919949018, "accuracy": 0.8166666666666667}, "slate": {"f1": 0.7056389717120085, "accuracy": 0.7072222222222222}}, "slate": {"government": {"f1": 0.8182199503501298, "accuracy": 0.8183333333333334}, "telephone": {"f1": 0.7570125472767443, "accuracy": 0.7566666666666667}, "fiction": {"f1": 0.7565013417039351, "accuracy": 0.7566666666666667}, "travel": {"f1": 0.7917357540373035, "accuracy": 0.7922222222222223}, "slate": {"f1": 0.7386497484029891, "accuracy": 0.7394444444444445}}}}}