{"mnli": {"distilroberta-base": {"government": {"government": {"f1": 0.8325544225848306, "accuracy": 0.8327777777777777}, "telephone": {"f1": 0.7390006398403487, "accuracy": 0.7394444444444445}, "fiction": {"f1": 0.7153804828483761, "accuracy": 0.7161111111111111}, "travel": {"f1": 0.7544943218362579, "accuracy": 0.755}, "slate": {"f1": 0.7153291709963625, "accuracy": 0.7172222222222222}}, "telephone": {"government": {"f1": 0.7915364920534902, "accuracy": 0.7911111111111111}, "telephone": {"f1": 0.7931677835102492, "accuracy": 0.7927777777777778}, "fiction": {"f1": 0.7151754387045686, "accuracy": 0.715}, "travel": {"f1": 0.737787275037071, "accuracy": 0.7377777777777778}, "slate": {"f1": 0.6980581356619225, "accuracy": 0.6977777777777778}}, "fiction": {"government": {"f1": 0.7887129804602163, "accuracy": 0.7894444444444444}, "telephone": {"f1": 0.7443823200707665, "accuracy": 0.7444444444444445}, "fiction": {"f1": 0.7839229487257674, "accuracy": 0.7844444444444445}, "travel": {"f1": 0.7656646359943885, "accuracy": 0.7666666666666667}, "slate": {"f1": 0.7183420901077313, "accuracy": 0.7194444444444444}}, "travel": {"government": {"f1": 0.7985638498892436, "accuracy": 0.7988888888888889}, "telephone": {"f1": 0.7175571623942153, "accuracy": 0.7177777777777777}, "fiction": {"f1": 0.7156568219517029, "accuracy": 0.7166666666666667}, "travel": {"f1": 0.7962292320404867, "accuracy": 0.7955555555555556}, "slate": {"f1": 0.6986204390148782, "accuracy": 0.7}}, "slate": {"government": {"f1": 0.8126490889431808, "accuracy": 0.8127777777777778}, "telephone": {"f1": 0.7768756010377945, "accuracy": 0.7766666666666666}, "fiction": {"f1": 0.7477560535315991, "accuracy": 0.7477777777777778}, "travel": {"f1": 0.7809170231936927, "accuracy": 0.7811111111111111}, "slate": {"f1": 0.7286234137057908, "accuracy": 0.7288888888888889}}}}}