{"imdb_sst2_sa": {"distilroberta-base": {"sst2": {"sst2": {"f1": 0.9204864196337422, "accuracy": 0.9205223880597015}, "imdb": {"f1": 0.9193953986535823, "accuracy": 0.9194029850746268}}, "imdb": {"sst2": {"f1": 0.8820264131114948, "accuracy": 0.8820895522388059}, "imdb": {"f1": 0.9380569072229255, "accuracy": 0.9380597014925374}}}}}