{"imdb_sst2_sa": {"bert": {"sst2": {"imdb": {"f1": 0.3333333333333333, "accuracy": 0.5}, "sst2": {"f1": 0.3333333333333333, "accuracy": 0.5}}}}}