{"mnli": {"distilroberta-base": {"government": {"government": {"f1": 0.8339794373112978, "accuracy": 0.8338888888888889}, "telephone": {"f1": 0.7691099039102035, "accuracy": 0.7688888888888888}, "fiction": {"f1": 0.7512064804104689, "accuracy": 0.7516666666666667}, "travel": {"f1": 0.7697582023239917, "accuracy": 0.77}, "slate": {"f1": 0.7579364158677384, "accuracy": 0.7583333333333333}}, "telephone": {"government": {"f1": 0.800832304774847, "accuracy": 0.8}, "telephone": {"f1": 0.817852719371106, "accuracy": 0.8177777777777778}, "fiction": {"f1": 0.7392150865461505, "accuracy": 0.7388888888888889}, "travel": {"f1": 0.7598271310165631, "accuracy": 0.7588888888888888}, "slate": {"f1": 0.7308017100135716, "accuracy": 0.7305555555555555}}, "fiction": {"government": {"f1": 0.8121601196388535, "accuracy": 0.8133333333333334}, "telephone": {"f1": 0.7756121903316423, "accuracy": 0.7755555555555556}, "fiction": {"f1": 0.8007649941747328, "accuracy": 0.8011111111111111}, "travel": {"f1": 0.7899259570921503, "accuracy": 0.79}, "slate": {"f1": 0.7508120643967823, "accuracy": 0.7516666666666667}}, "travel": {"government": {"f1": 0.8124059357191021, "accuracy": 0.8133333333333334}, "telephone": {"f1": 0.7424175989622714, "accuracy": 0.7433333333333333}, "fiction": {"f1": 0.7187667293621532, "accuracy": 0.72}, "travel": {"f1": 0.8153666177355584, "accuracy": 0.8161111111111111}, "slate": {"f1": 0.7327597084176104, "accuracy": 0.7344444444444445}}, "slate": {"government": {"f1": 0.836710471943257, "accuracy": 0.8366666666666667}, "telephone": {"f1": 0.7866491131582739, "accuracy": 0.7861111111111111}, "fiction": {"f1": 0.7655144434957027, "accuracy": 0.7655555555555555}, "travel": {"f1": 0.7942955372591133, "accuracy": 0.7944444444444444}, "slate": {"f1": 0.7660062870608617, "accuracy": 0.7661111111111111}}}}}