{"imdb_sst2_sa": {"roberta-base": {"sst2": {"sst2": {"f1": 0.9324624514871473, "accuracy": 0.9324626865671641}, "imdb": {"f1": 0.9141388899568132, "accuracy": 0.914179104477612}}, "imdb": {"sst2": {"f1": 0.8925372535850153, "accuracy": 0.8925373134328358}, "imdb": {"f1": 0.9365450772294879, "accuracy": 0.9365671641791045}}}}}