{"mnli": {"distilbert-base-uncased": {"government": {"government": {"f1": 0.7995570414247801, "accuracy": 0.7988888888888889}, "telephone": {"f1": 0.682653150646003, "accuracy": 0.6816666666666666}, "fiction": {"f1": 0.6934363496559719, "accuracy": 0.6927777777777778}, "travel": {"f1": 0.7428054120312527, "accuracy": 0.7427777777777778}, "slate": {"f1": 0.6933647519703051, "accuracy": 0.6927777777777778}}, "telephone": {"government": {"f1": 0.7219674356435913, "accuracy": 0.7205555555555555}, "telephone": {"f1": 0.7687228409904329, "accuracy": 0.7677777777777778}, "fiction": {"f1": 0.6814905251162112, "accuracy": 0.6822222222222222}, "travel": {"f1": 0.6818843527331165, "accuracy": 0.6816666666666666}, "slate": {"f1": 0.658216696522106, "accuracy": 0.6588888888888889}}, "fiction": {"government": {"f1": 0.763387406244549, "accuracy": 0.7638888888888888}, "telephone": {"f1": 0.7014229076909827, "accuracy": 0.7}, "fiction": {"f1": 0.7713576741484268, "accuracy": 0.7716666666666666}, "travel": {"f1": 0.7440229025969934, "accuracy": 0.7444444444444445}, "slate": {"f1": 0.6996325145737644, "accuracy": 0.7005555555555556}}, "travel": {"government": {"f1": 0.7833898451109294, "accuracy": 0.7838888888888889}, "telephone": {"f1": 0.6851840021885697, "accuracy": 0.6844444444444444}, "fiction": {"f1": 0.681444943944944, "accuracy": 0.6827777777777778}, "travel": {"f1": 0.7856185896500039, "accuracy": 0.7855555555555556}, "slate": {"f1": 0.6852666360188483, "accuracy": 0.6866666666666666}}, "slate": {"government": {"f1": 0.7870947837520185, "accuracy": 0.7872222222222223}, "telephone": {"f1": 0.7097165241569573, "accuracy": 0.7083333333333334}, "fiction": {"f1": 0.719268735352668, "accuracy": 0.72}, "travel": {"f1": 0.7546474706796266, "accuracy": 0.755}, "slate": {"f1": 0.7084951045088387, "accuracy": 0.7094444444444444}}}}}