{"mnli": {"roberta-base": {"government": {"government": {"f1": 0.8769914696872312, "accuracy": 0.8766666666666667}, "telephone": {"f1": 0.8203739084286196, "accuracy": 0.82}, "fiction": {"f1": 0.8220027141007135, "accuracy": 0.8222222222222222}, "travel": {"f1": 0.8314223221931646, "accuracy": 0.8316666666666667}, "slate": {"f1": 0.8074975107708279, "accuracy": 0.8072222222222222}}, "telephone": {"government": {"f1": 0.8506051403523331, "accuracy": 0.8505555555555555}, "telephone": {"f1": 0.8595968296061324, "accuracy": 0.86}, "fiction": {"f1": 0.82415532974052, "accuracy": 0.8244444444444444}, "travel": {"f1": 0.8395954063611448, "accuracy": 0.8394444444444444}, "slate": {"f1": 0.8106576241435453, "accuracy": 0.8111111111111111}}, "fiction": {"government": {"f1": 0.8635913990338305, "accuracy": 0.8633333333333333}, "telephone": {"f1": 0.8221765677160965, "accuracy": 0.8211111111111111}, "fiction": {"f1": 0.8492007024443717, "accuracy": 0.8488888888888889}, "travel": {"f1": 0.8319109067690255, "accuracy": 0.8311111111111111}, "slate": {"f1": 0.8015645216888138, "accuracy": 0.8011111111111111}}, "travel": {"government": {"f1": 0.86190736677669, "accuracy": 0.8622222222222222}, "telephone": {"f1": 0.8070307033596388, "accuracy": 0.8072222222222222}, "fiction": {"f1": 0.8178786280744149, "accuracy": 0.8183333333333334}, "travel": {"f1": 0.8694907837439635, "accuracy": 0.87}, "slate": {"f1": 0.8108238932115129, "accuracy": 0.8116666666666666}}, "slate": {"government": {"f1": 0.8738730033739192, "accuracy": 0.8738888888888889}, "telephone": {"f1": 0.8456360083016644, "accuracy": 0.8455555555555555}, "fiction": {"f1": 0.8300489462520181, "accuracy": 0.8305555555555556}, "travel": {"f1": 0.8474326953654835, "accuracy": 0.8472222222222222}, "slate": {"f1": 0.8228756818601362, "accuracy": 0.8233333333333334}}}}}