{"paraphrase": {"roberta-base": {"qqp": {"qqp": {"f1": 0.8730587759036592, "accuracy": 0.8730742049469965}, "paws": {"f1": 0.39590304167187573, "accuracy": 0.508833922261484}}, "paws": {"qqp": {"f1": 0.6549821027574605, "accuracy": 0.6657950530035336}, "paws": {"f1": 0.9404916074601206, "accuracy": 0.9404946996466431}}}}}